{"cameraMode":{"drawMode":0,"name":"Shaded","section":"Shading Mode"},"sceneLighting":true,"audioPlay":false,"sceneViewState":{"showFog":false,"showMaterialUpdate":false,"showSkybox":false,"showFlares":false,"showImageEffects":false,"showParticleSystems":false,"showVisualEffectGraphs":true,"m_FxEnabled":true},"in2DMode":false,"pivot":{"x":484.1336669921875,"y":277.0369567871094,"z":-110.71807861328125},"rotation":{"x":0.013733930885791779,"y":0.009000261314213276,"z":-0.00012487296771723777,"w":0.9998456239700317},"size":152.18942260742188,"orthographic":false}